{
    "trial_number": 0,
    "rmse": 0.06379292160272598,
    "mse": 0.004069536924362183,
    "params": {
        "vae_hidden_dim": 128,
        "vae_latent_dim": 16,
        "vae_p_drop": 0.1312037280884873,
        "vae_lr": 0.00018408992080552527,
        "vae_beta": 0.5871254182522991,
        "vae_temperature": 1.146470458309974,
        "lstm_hidden_size": 64,
        "lstm_num_layers": 1,
        "lstm_dropout": 0.2939819704323988,
        "lstm_lr": 0.002595942550311264,
        "batch_size": 16
    },
    "metrics": {
        "vae_epoch_0_total_loss": 0.020216297390176736,
        "vae_epoch_0_recon_loss": 0.018776686551483672,
        "vae_epoch_0_kl_div": 0.002451964719791879,
        "vae_epoch_1_total_loss": 0.003620620266212007,
        "vae_epoch_1_recon_loss": 0.003440472932897347,
        "vae_epoch_1_kl_div": 0.0003068293849187634,
        "vae_epoch_2_total_loss": 0.001935272890197946,
        "vae_epoch_2_recon_loss": 0.0018852890978171043,
        "vae_epoch_2_kl_div": 8.513307636366544e-05,
        "vae_epoch_3_total_loss": 0.0013343357824431644,
        "vae_epoch_3_recon_loss": 0.001320022469092062,
        "vae_epoch_3_kl_div": 2.4378625989986456e-05,
        "vae_epoch_4_total_loss": 0.0010766107171338473,
        "vae_epoch_4_recon_loss": 0.001071671016549002,
        "vae_epoch_4_kl_div": 8.413367264818835e-06,
        "vae_epoch_5_total_loss": 0.0009341769321578725,
        "vae_epoch_5_recon_loss": 0.000932329336557394,
        "vae_epoch_5_kl_div": 3.146850445454255e-06,
        "vae_epoch_6_total_loss": 0.0008431168859645438,
        "vae_epoch_6_recon_loss": 0.0008424156435117206,
        "vae_epoch_6_kl_div": 1.194366198694533e-06,
        "vae_epoch_7_total_loss": 0.000777494303082886,
        "vae_epoch_7_recon_loss": 0.0007772326737092674,
        "vae_epoch_7_kl_div": 4.456100723287521e-07,
        "vae_epoch_8_total_loss": 0.0007256418112914476,
        "vae_epoch_8_recon_loss": 0.0007255531956196557,
        "vae_epoch_8_kl_div": 1.5093242927272527e-07,
        "vae_epoch_9_total_loss": 0.000683247171799359,
        "vae_epoch_9_recon_loss": 0.0006832218103996778,
        "vae_epoch_9_kl_div": 4.3194033150442465e-08,
        "vae_epoch_10_total_loss": 0.000649801835397039,
        "vae_epoch_10_recon_loss": 0.00064979642925559,
        "vae_epoch_10_kl_div": 9.207255259628998e-09,
        "vae_epoch_11_total_loss": 0.0006247121343501651,
        "vae_epoch_11_recon_loss": 0.0006247110225978339,
        "vae_epoch_11_kl_div": 1.8924701004169265e-09,
        "vae_epoch_12_total_loss": 0.0006060739795150136,
        "vae_epoch_12_recon_loss": 0.0006060741239497685,
        "vae_epoch_12_kl_div": -2.4603010787014357e-10,
        "vae_epoch_13_total_loss": 0.0005927869754906659,
        "vae_epoch_13_recon_loss": 0.0005927873385889353,
        "vae_epoch_13_kl_div": -6.191540092583513e-10,
        "vae_epoch_14_total_loss": 0.0005838650662064118,
        "vae_epoch_14_recon_loss": 0.0005838654470748084,
        "vae_epoch_14_kl_div": -6.486940770093305e-10,
        "vae_epoch_15_total_loss": 0.0005784342195581233,
        "vae_epoch_15_recon_loss": 0.000578434602595315,
        "vae_epoch_15_kl_div": -6.499377857987359e-10,
        "vae_epoch_16_total_loss": 0.0005747152082361795,
        "vae_epoch_16_recon_loss": 0.0005747155987242317,
        "vae_epoch_16_kl_div": -6.592918702447621e-10,
        "vae_epoch_17_total_loss": 0.0005723959394484924,
        "vae_epoch_17_recon_loss": 0.0005723962727083395,
        "vae_epoch_17_kl_div": -5.619278034338584e-10,
        "vae_epoch_18_total_loss": 0.0005709365565193226,
        "vae_epoch_18_recon_loss": 0.0005709369410956592,
        "vae_epoch_18_kl_div": -6.492392948040595e-10,
        "vae_epoch_19_total_loss": 0.000569949239084403,
        "vae_epoch_19_recon_loss": 0.0005699495944869481,
        "vae_epoch_19_kl_div": -5.999866586465102e-10,
        "bilstm_epoch_0_latent_loss": 0.004057557648103774,
        "bilstm_epoch_1_latent_loss": 0.004041981176459768,
        "bilstm_epoch_2_latent_loss": 0.004031498164784772,
        "bilstm_epoch_3_latent_loss": 0.00402284012391017,
        "bilstm_epoch_4_latent_loss": 0.0040505271849374715,
        "bilstm_epoch_5_latent_loss": 0.004024517412360113,
        "bilstm_epoch_6_latent_loss": 0.0040427289960252195,
        "bilstm_epoch_7_latent_loss": 0.004020617358876804,
        "bilstm_epoch_8_latent_loss": 0.004036987010924629,
        "bilstm_epoch_9_latent_loss": 0.004034658437516415,
        "bilstm_epoch_10_latent_loss": 0.00403203131421693,
        "bilstm_epoch_11_latent_loss": 0.004029812210669311,
        "bilstm_epoch_12_latent_loss": 0.004005985583857042,
        "bilstm_epoch_13_latent_loss": 0.004033390789677819,
        "bilstm_epoch_14_latent_loss": 0.004019160218236861,
        "bilstm_epoch_15_latent_loss": 0.004012425880109032,
        "bilstm_epoch_16_latent_loss": 0.004014917336742376,
        "bilstm_epoch_17_latent_loss": 0.003995384521448824,
        "bilstm_epoch_18_latent_loss": 0.004017219739090741,
        "bilstm_epoch_19_latent_loss": 0.0039858516311841626,
        "test_mse": 0.004069536924362183,
        "test_rmse": 0.06379292160272598
    }
}