{
    "trial_number": 1,
    "rmse": 0.06299451738595963,
    "mse": 0.003968309611082077,
    "params": {
        "vae_hidden_dim": 128,
        "vae_latent_dim": 16,
        "vae_p_drop": 0.15824582803960838,
        "vae_lr": 0.001095266274863256,
        "vae_beta": 0.7092407909780627,
        "vae_temperature": 0.9168578594140873,
        "lstm_hidden_size": 64,
        "lstm_num_layers": 2,
        "lstm_dropout": 0.13993475643167194,
        "lstm_lr": 0.000747599299995651,
        "batch_size": 16
    },
    "metrics": {
        "vae_epoch_0_total_loss": 0.0062596303901395565,
        "vae_epoch_0_recon_loss": 0.00581644353433848,
        "vae_epoch_0_kl_div": 0.0006248750549181418,
        "vae_epoch_1_total_loss": 0.0010748191503947824,
        "vae_epoch_1_recon_loss": 0.0010705065735517284,
        "vae_epoch_1_kl_div": 6.080553933183698e-06,
        "vae_epoch_2_total_loss": 0.000830618292219207,
        "vae_epoch_2_recon_loss": 0.0008301868574562832,
        "vae_epoch_2_kl_div": 6.083049470464794e-07,
        "vae_epoch_3_total_loss": 0.0007221962732028959,
        "vae_epoch_3_recon_loss": 0.0007221595881744109,
        "vae_epoch_3_kl_div": 5.172225058450377e-08,
        "vae_epoch_4_total_loss": 0.0006540564707113215,
        "vae_epoch_4_recon_loss": 0.0006540556273998496,
        "vae_epoch_4_kl_div": 1.1893532183663645e-09,
        "vae_epoch_5_total_loss": 0.000610280153068743,
        "vae_epoch_5_recon_loss": 0.0006102805777677881,
        "vae_epoch_5_kl_div": -5.998967094651145e-10,
        "vae_epoch_6_total_loss": 0.0005852461039327094,
        "vae_epoch_6_recon_loss": 0.0005852465671453571,
        "vae_epoch_6_kl_div": -6.535634516427802e-10,
        "vae_epoch_7_total_loss": 0.0005735595691476192,
        "vae_epoch_7_recon_loss": 0.0005735600223208446,
        "vae_epoch_7_kl_div": -6.382509197377895e-10,
        "vae_epoch_8_total_loss": 0.0005698080276488326,
        "vae_epoch_8_recon_loss": 0.00056980842649724,
        "vae_epoch_8_kl_div": -5.60017024973989e-10,
        "vae_epoch_9_total_loss": 0.0005686230132806276,
        "vae_epoch_9_recon_loss": 0.0005686233938341992,
        "vae_epoch_9_kl_div": -5.350627291661042e-10,
        "vae_epoch_10_total_loss": 0.000568348835573628,
        "vae_epoch_10_recon_loss": 0.0005683491596335863,
        "vae_epoch_10_kl_div": -4.5446750636284167e-10,
        "vae_epoch_11_total_loss": 0.0005683056759922833,
        "vae_epoch_11_recon_loss": 0.0005683059360727874,
        "vae_epoch_11_kl_div": -3.6491725880366105e-10,
        "vae_epoch_12_total_loss": 0.0005681978650150435,
        "vae_epoch_12_recon_loss": 0.0005681980790961041,
        "vae_epoch_12_kl_div": -2.999933293232551e-10,
        "vae_epoch_13_total_loss": 0.0005682033148472188,
        "vae_epoch_13_recon_loss": 0.0005682033385990228,
        "vae_epoch_13_kl_div": -3.134258664571322e-11,
        "vae_epoch_14_total_loss": 0.0005682020812575781,
        "vae_epoch_14_recon_loss": 0.0005682020359577459,
        "vae_epoch_14_kl_div": 6.492392948040596e-11,
        "vae_epoch_15_total_loss": 0.0005681898072417915,
        "vae_epoch_15_recon_loss": 0.0005681897993361837,
        "vae_epoch_15_kl_div": 1.3432537133877095e-11,
        "vae_epoch_16_total_loss": 0.0005682087517715655,
        "vae_epoch_16_recon_loss": 0.0005682086890863922,
        "vae_epoch_16_kl_div": 8.955024755918063e-11,
        "vae_epoch_17_total_loss": 0.0005680690258906487,
        "vae_epoch_17_recon_loss": 0.0005680692794997483,
        "vae_epoch_17_kl_div": -3.5596223404774297e-10,
        "vae_epoch_18_total_loss": 0.0005681151091476539,
        "vae_epoch_18_recon_loss": 0.0005681153641559761,
        "vae_epoch_18_kl_div": -3.5820099023672253e-10,
        "vae_epoch_19_total_loss": 0.0005681057807403424,
        "vae_epoch_19_recon_loss": 0.000568106068000746,
        "vae_epoch_19_kl_div": -4.0297611401631284e-10,
        "bilstm_epoch_0_latent_loss": 0.004062501750852859,
        "bilstm_epoch_1_latent_loss": 0.003988058458232375,
        "bilstm_epoch_2_latent_loss": 0.004018704722861562,
        "bilstm_epoch_3_latent_loss": 0.004022160864294095,
        "bilstm_epoch_4_latent_loss": 0.004014343948746011,
        "bilstm_epoch_5_latent_loss": 0.0040092728072172925,
        "bilstm_epoch_6_latent_loss": 0.004010532158505297,
        "test_mse": 0.003968309611082077,
        "test_rmse": 0.06299451738595963
    }
}